{
    "EBBR": [
        4.48443984985,
        50.901401519800004
    ],
    "EBCI": [
        4.45382,
        50.459202
    ],
    "EDBC": [
        11.42029953,
        51.8563995361
    ],
    "EDDB": [
        13.5225,
        52.380001
    ],
    "EDDC": [
        13.767200469970703,
        51.1328010559082
    ],
    "EDDE": [
        10.958100318908691,
        50.979801177978516
    ],
    "EDDF": [
        8.570556,
        50.033333
    ],
    "EDDG": [
        7.68483018875,
        52.134601593
    ],
    "EDDH": [
        9.9882297515869,
        53.630401611328
    ],
    "EDDK": [
        7.1427397728,
        50.8658981323
    ],
    "EDDL": [
        6.76678,
        51.289501
    ],
    "EDDM": [
        11.7861,
        48.353802
    ],
    "EDDN": [
        11.078056,
        49.498699
    ],
    "EDDP": [
        12.236389,
        51.423889
    ],
    "EDDS": [
        9.22196006775,
        48.689899444599995
    ],
    "EDDT": [
        13.2877,
        52.5597
    ],
    "EDDV": [
        9.685079574580001,
        52.461101532
    ],
    "EDDW": [
        8.78666973114,
        53.0475006104
    ],
    "EDFH": [
        7.26389,
        49.9487
    ],
    "EDHL": [
        10.7192001343,
        53.8054008484
    ],
    "EDJA": [
        10.2395000458,
        47.988800048799995
    ],
    "EDLP": [
        8.616319656369999,
        51.614101409899995
    ],
    "EDLV": [
        6.14216995239,
        51.6024017334
    ],
    "EDLW": [
        7.61223983765,
        51.51829910279999
    ],
    "EDNY": [
        9.51148986816,
        47.671298980699994
    ],
    "EDOP": [
        11.7834,
        53.426998
    ],
    "EDSB": [
        8.08049964905,
        48.7793998718
    ],
    "EDVE": [
        10.5561,
        52.319199
    ],
    "EETN": [
        24.832799911499997,
        59.41329956049999
    ],
    "EFHK": [
        24.963300704956,
        60.317199707031
    ],
    "EFLP": [
        28.144743,
        61.044601
    ],
    "EFTP": [
        23.604400634766,
        61.414100646973
    ],
    "EFTU": [
        22.262800216675,
        60.514099121094
    ],
    "EGAA": [
        -6.2158298492399995,
        54.6575012207
    ],
    "EGAE": [
        -7.161109924316406,
        55.04280090332031
    ],
    "EGBB": [
        -1.74802994728,
        52.453899383499994
    ],
    "EGBP": [
        -2.05694,
        51.668095
    ],
    "EGCC": [
        -2.2749500274658203,
        53.35369873046875
    ],
    "EGCN": [
        -1.01065635681,
        53.4805378105
    ],
    "EGFF": [
        -3.343329906463623,
        51.39670181274414
    ],
    "EGGD": [
        -2.71909,
        51.382702
    ],
    "EGGP": [
        -2.849720001220703,
        53.33359909057617
    ],
    "EGGW": [
        -0.36833301186561584,
        51.874698638916016
    ],
    "EGHH": [
        -1.8424999713897705,
        50.779998779296875
    ],
    "EGJJ": [
        -2.195509910583496,
        49.20790100097656
    ],
    "EGKK": [
        -0.190278,
        51.148102
    ],
    "EGLC": [
        0.055278,
        51.505299
    ],
    "EGLL": [
        -0.461941,
        51.4706
    ],
    "EGNJ": [
        -0.350832998752594,
        53.57440185546875
    ],
    "EGNM": [
        -1.6605700254440308,
        53.86589813232422
    ],
    "EGNS": [
        -4.623889923095703,
        54.08330154418945
    ],
    "EGNT": [
        -1.6916699409484863,
        55.037498474121094
    ],
    "EGNV": [
        -1.4294099807739258,
        54.50920104980469
    ],
    "EGNX": [
        -1.32806003094,
        52.8311004639
    ],
    "EGPD": [
        -2.197779893875122,
        57.201900482177734
    ],
    "EGPE": [
        -4.047500133514404,
        57.54249954223633
    ],
    "EGPF": [
        -4.43306,
        55.871899
    ],
    "EGPH": [
        -3.372499942779541,
        55.95000076293945
    ],
    "EGPK": [
        -4.586669921875,
        55.5093994140625
    ],
    "EGSH": [
        1.28278005123,
        52.6758003235
    ],
    "EGSS": [
        0.234999999404,
        51.8849983215
    ],
    "EHAM": [
        4.76389,
        52.308601
    ],
    "EHBK": [
        5.77014,
        50.911701
    ],
    "EHEH": [
        5.37452983856,
        51.4500999451
    ],
    "EICK": [
        -8.491109848022461,
        51.84130096435547
    ],
    "EIDW": [
        -6.27007,
        53.421299
    ],
    "EIKN": [
        -8.818490028381348,
        53.910301208496094
    ],
    "EIKY": [
        -9.52377986907959,
        52.18090057373047
    ],
    "EINN": [
        -8.92482,
        52.702
    ],
    "EKAH": [
        10.619000434899998,
        56.2999992371
    ],
    "EKBI": [
        9.15178012848,
        55.7402992249
    ],
    "EKCH": [
        12.656000137329,
        55.617900848389
    ],
    "EKYT": [
        9.84924316406,
        57.0927589138
    ],
    "ELLX": [
        6.2044444,
        49.6233333
    ],
    "ENAL": [
        6.119699954986572,
        62.5625
    ],
    "ENAT": [
        23.371700286865,
        69.976097106934
    ],
    "ENBO": [
        14.365300178527832,
        67.26920318603516
    ],
    "ENBR": [
        5.218140125,
        60.29339981
    ],
    "ENCN": [
        8.08537,
        58.204201
    ],
    "ENEV": [
        16.678100585938,
        68.491302490234
    ],
    "ENGM": [
        11.100399971008,
        60.193901062012
    ],
    "ENHD": [
        5.2083601951599,
        59.34529876709
    ],
    "ENKB": [
        7.824520111084,
        63.111801147461
    ],
    "ENKR": [
        29.891300201416,
        69.725799560547
    ],
    "ENML": [
        7.2624998092651,
        62.744701385498
    ],
    "ENRY": [
        10.785439,
        59.378817
    ],
    "ENSB": [
        15.465600013733,
        78.246101379395
    ],
    "ENTC": [
        18.918899536132812,
        69.68329620361328
    ],
    "ENTO": [
        10.258600235,
        59.1866989136
    ],
    "ENVA": [
        10.9239998,
        63.4578018
    ],
    "ENZV": [
        5.6377801895,
        58.876701354
    ],
    "EPBY": [
        17.9776992798,
        53.096801757799994
    ],
    "EPGD": [
        18.46619987487793,
        54.377601623535156
    ],
    "EPKK": [
        19.7848,
        50.077702
    ],
    "EPKT": [
        19.08,
        50.4743
    ],
    "EPLL": [
        19.3980998993,
        51.721900939899996
    ],
    "EPPO": [
        16.8262996674,
        52.421001434299995
    ],
    "EPRZ": [
        22.018999,
        50.110001
    ],
    "EPSC": [
        14.902199745199999,
        53.584701538100006
    ],
    "EPWA": [
        20.967100143399996,
        52.1656990051
    ],
    "EPWR": [
        16.885799408,
        51.1026992798
    ],
    "ESDF": [
        15.265000343323,
        56.266700744629
    ],
    "ESGG": [
        12.279800415039,
        57.662799835205
    ],
    "ESGP": [
        11.8704,
        57.7747
    ],
    "ESKN": [
        16.912200927734375,
        58.78860092163086
    ],
    "ESMQ": [
        16.287599563598633,
        56.68550109863281
    ],
    "ESMS": [
        13.376197814900001,
        55.536305364
    ],
    "ESNN": [
        17.443899154663086,
        62.528099060058594
    ],
    "ESNQ": [
        20.336799621582,
        67.821998596191
    ],
    "ESNS": [
        21.076900482177734,
        64.62480163574219
    ],
    "ESNU": [
        20.282800674438,
        63.791801452637
    ],
    "ESNZ": [
        14.50030040741,
        63.194400787354
    ],
    "ESOW": [
        16.63360023498535,
        59.58940124511719
    ],
    "ESPA": [
        22.121999740601,
        65.543800354004
    ],
    "ESSA": [
        17.918600082397,
        59.651901245117
    ],
    "ESSL": [
        15.680500030500001,
        58.4062004089
    ],
    "ESTA": [
        12.847100257873535,
        56.29610061645508
    ],
    "EVRA": [
        23.971099853515625,
        56.92359924316406
    ],